{
  "qwen": {
    "n": 8509,
    "n_good": 5347,
    "n_bad": 2710,
    "accuracy": 0.345399,
    "precision": 0.025532,
    "recall": 0.001122,
    "f1": 0.00215,
    "pearson": -0.171564,
    "pearson_p": 0.0,
    "spearman": 0.110849,
    "spearman_p": 0.0,
    "brier": 0.462302,
    "ece": 0.490269,
    "separation": -0.036078,
    "task_success_pearson": -0.039027
  },
  "versa": {
    "n": 8509,
    "n_good": 5347,
    "n_bad": 2710,
    "accuracy": 0.627101,
    "precision": 0.644625,
    "recall": 0.906116,
    "f1": 0.753323,
    "pearson": 0.170312,
    "pearson_p": 0.0,
    "spearman": 0.166385,
    "spearman_p": 0.0,
    "brier": 0.245612,
    "ece": 0.126708,
    "separation": 0.063882,
    "task_success_pearson": 0.09262
  },
  "agent": {
    "n": 8509,
    "n_good": 5347,
    "n_bad": 2710,
    "accuracy": 0.628393,
    "precision": 0.628393,
    "recall": 1.0,
    "f1": 0.771796,
    "pearson": -0.045291,
    "pearson_p": 2.9e-05,
    "spearman": -0.056944,
    "spearman_p": 0.0,
    "brier": 0.234831,
    "ece": 0.032503,
    "separation": -0.000569,
    "task_success_pearson": -0.098213
  },
  "dgprm": {
    "n": 8509,
    "n_good": 5347,
    "n_bad": 2710,
    "accuracy": 0.630744,
    "precision": 0.629874,
    "recall": 1.0,
    "f1": 0.772911,
    "pearson": 0.150644,
    "pearson_p": 0.0,
    "spearman": 0.120987,
    "spearman_p": 0.0,
    "brier": 0.303293,
    "ece": 0.273036,
    "separation": 0.013248,
    "task_success_pearson": 0.209557
  }
}